No.,日付,品名コード,品名,数量,単価,金額,分類コード,分類名,備考
148,20250505,1001,３種の贅沢ピーカ,2,1160,2320,2002,洋菓子,箱入り
141,20250505,1003,sagadesTｼｬﾂ     ,2,2200,4400,2006,衣料,Tシャツ
45,20250505,1004,ｱｲｽｸﾘｰﾑ         ,7,210,1470,2002,洋菓子,
125,20250505,1005,あん入りのんき  ,1,220,220,2003,和菓子,お菓子(ちょい食べ)
126,20250505,1006,いかすみｺﾞｰﾌﾚ   ,5,648,3240,2002,洋菓子,箱入り
135,20250505,1007,いかせん        ,29,650,18850,2003,和菓子,箱入り
84,20250505,1008,いかにゃんぷち  ,4,660,2640,2004,雑貨類,キーホルダー
172,20250505,1011,イカマスコットST,1,1760,1760,2004,雑貨類,ぬいぐるみ
137,20250505,1013,いか鉄ちゃん    ,6,980,5880,2007,食品,
68,20250505,1014,いか鉄板焼き    ,5,540,2700,2007,食品,
139,20250505,1016,うまかぁ~いりこ ,3,540,1620,2007,食品,
138,20250505,1017,うまかぁ~のり天 ,4,540,2160,2007,食品,
156,20250505,1019,お茶ｲﾀﾞｰ        ,3,216,648,2008,飲料,
9,20250505,1020,かしわ餅2個入り ,12,360,4320,2003,和菓子,
14,20250505,1022,ｶｯﾌﾟ(高野路窯   ,2,1580,3160,2005,生活雑貨,
155,20250505,1023,かぼすｻﾜｰ       ,8,216,1728,2008,飲料,
169,20250505,1024,からつ茶団子    ,8,870,6960,2003,和菓子,唐津関連
161,20250505,1025,ｶﾙｯﾃﾍﾞｲｸ        ,4,691,2764,2002,洋菓子,箱入り
20,20250505,1027,ｷｰﾎﾙﾀﾞｰ         ,8,300,2400,2004,雑貨類,キーホルダー
102,20250505,1029,ｷｰﾎﾙﾀﾞｰ№5      ,3,550,1650,2004,雑貨類,キーホルダー
101,20250505,1030,ｷｬﾗｸﾀｰ№1       ,2,1100,2200,2004,雑貨類,キーホルダー
99,20250505,1031,ｷｬﾗｸﾀｰ№5       ,1,550,550,2004,雑貨類,キーホルダー
100,20250505,1035,ｷｬﾗｸﾀｰ№8       ,2,880,1760,2004,雑貨類,キーホルダー
54,20250505,1036,ぎゅぎゅっと缶ﾊﾞ,1,550,550,2004,雑貨類,缶バッチ
55,20250505,1036,ぎゅぎゅ缶ﾊﾞｯﾁｿﾞ,1,550,550,2004,雑貨類,缶バッチ
56,20250505,1036,ぎゅぎゅ缶ﾊﾞｯﾁｿﾞ,1,550,550,2004,雑貨類,缶バッチ
152,20250505,1037,ｷﾝｾﾝｻｲﾀﾞｰ       ,1,216,216,2008,飲料,
153,20250505,1038,ｷﾝｾﾝﾗﾑﾈ         ,5,195,975,2008,飲料,
17,20250505,1039,ぐい呑(大杉)    ,1,1650,1650,2005,生活雑貨,
71,20250505,1041,くじらｼﾞｬ-ｷ-    ,6,432,2592,2007,食品,
94,20250505,1043,ｸﾘｽﾀﾙｽﾄﾗ        ,2,1100,2200,2004,雑貨類,ストラップ
69,20250505,1044,ｸﾚしんﾑﾂｺﾞﾛｳ    ,3,550,1650,2004,雑貨類,グッズ
159,20250505,1045,ｸﾚﾖﾝしんちゃんｸｯ,2,760,1520,2002,洋菓子,箱入り
35,20250505,1046,くんちクッキー８,1,600,600,2002,洋菓子,箱入り
93,20250505,1048,こまねき        ,1,800,800,2009,装飾品,置物
142,20250505,1049,ｻｶﾞﾉﾌｪｲｽTｼｬﾂ    ,2,2200,4400,2006,衣料,Tシャツ
81,20250505,1052,ｼﾞｬｶﾞｰﾄﾞとかげPK,1,770,770,2004,雑貨類,キーホルダー
162,20250505,1053,ｼｮｺﾗしっとり    ,1,702,702,2002,洋菓子,箱入り
154,20250505,1056,ｽﾏｯｸｺﾞｰﾙﾄﾞ      ,10,216,2160,2008,飲料,
79,20250505,1057,ｿｯｸｽとかげｵﾚﾝｼﾞ ,1,528,528,2005,生活雑貨,
80,20250505,1057,ｿｯｸｽとかげﾚｯﾄﾞ  ,1,528,528,2005,生活雑貨,
51,20250505,1058,だがし屋さんの駄,5,300,1500,2010,駄菓子,
163,20250505,1060,ﾁｰｽﾞﾗﾝｸﾞﾄﾞｼｬ・小,3,680,2040,2002,洋菓子,箱入り
70,20250505,1062,ななやまの天然水,4,154,616,2008,飲料,
66,20250505,1064,のびしばムツゴロ,1,770,770,2004,雑貨類,ストラップ
64,20250505,1065,のびねこ佐賀ﾊﾞﾙｰ,1,770,770,2004,雑貨類,ストラップ
65,20250505,1066,のびねこ唐津城  ,3,770,2310,2004,雑貨類,唐津城関連
62,20250505,1067,のび呼子ｲｶ      ,1,770,770,2004,雑貨類,ストラップ
82,20250505,1069,ﾊﾞﾙｰﾝうさぎ     ,3,440,1320,2004,雑貨類,キーホルダー
77,20250505,1070,ﾊﾞﾙｰﾝちいかわ   ,1,440,440,2004,雑貨類,キーホルダー
76,20250505,1071,ﾊﾞﾙｰﾝとかげ     ,1,440,440,2004,雑貨類,キーホルダー
75,20250505,1072,ﾊﾞﾙｰﾝねこ       ,2,440,880,2004,雑貨類,キーホルダー
78,20250505,1073,ﾊﾞﾙｰﾝハチワレ   ,3,440,1320,2004,雑貨類,キーホルダー
171,20250505,1074,ﾊﾟﾛﾃﾞｨｽﾄｰﾝKHVOL2,2,495,990,2004,雑貨類,キーホルダー
103,20250505,1076,ひきやま№65    ,1,715,715,2004,雑貨類,曳山関連
41,20250505,1077,ひきやまTｼｬﾂ    ,3,2800,8400,2006,衣料,曳山関連
40,20250505,1081,ひきやま金獅子  ,1,1000,1000,2009,装飾品,曳山関連
1,20250505,1089,ﾌｨｯﾂｸﾞﾚｰﾌﾟ      ,1,170,170,2007,食品,ガム（ちょい食べ）
57,20250505,1090,ぷかっしゅ缶ﾊﾞｯ ,1,550,550,2004,雑貨類,缶バッチ
118,20250505,1092,ﾌﾞﾗｯｸﾓﾝﾌﾞﾗﾝｸﾗﾝﾁﾁ,4,1400,5600,2002,洋菓子,箱入り
160,20250505,1093,ﾌﾟﾚﾐｱﾑｽｲｰﾂｱｿｰﾄ  ,3,1080,3240,2002,洋菓子,箱入り
34,20250505,1095,ﾎﾟｽｶ旧唐        ,1,150,150,2004,雑貨類,唐津関連
33,20250505,1096,ﾎﾟｽｶ歴民        ,1,150,150,2004,雑貨類,唐津関連
28,20250505,1097,ﾎﾟｽﾄｶｰﾄﾞ1番     ,1,110,110,2004,雑貨類,ポストカード
29,20250505,1097,ﾎﾟｽﾄｶｰﾄﾞ2番     ,1,110,110,2004,雑貨類,ポストカード
30,20250505,1098,ﾎﾟｽﾄｶｰﾄﾞ5番     ,1,110,110,2004,雑貨類,ポストカード
27,20250505,1099,ぽっくり置物(小 ,1,1337,1337,2009,装飾品,
44,20250505,1103,ぼんてん・まる缶,2,330,660,2002,洋菓子,
132,20250505,1104,ﾏｸﾞﾈｯﾄ唐津城    ,16,495,7920,2004,雑貨類,唐津城関連
130,20250505,1105,まるぼうろ5個入 ,8,400,3200,2003,和菓子,箱入り
170,20250505,1106,ﾐﾆｶﾞﾝKH         ,4,495,1980,2004,雑貨類,キーホルダー
23,20250505,1108,ﾐﾆ飾り凧        ,1,400,400,2009,装飾品,
83,20250505,1109,むつごろうにゃん,1,660,660,2004,雑貨類,ぬいぐるみ
89,20250505,1109,むつごろうにゃん,6,990,5940,2004,雑貨類,ぬいぐるみ
74,20250505,1110,ﾗﾊﾞｰｷｰﾎﾙﾀﾞ      ,4,330,1320,2004,雑貨類,キーホルダー
46,20250505,1111,ﾘﾍﾞﾝｼﾞｱｸｷ-ｻｷ    ,1,1100,1100,2004,雑貨類,キーホルダー
47,20250505,1114,ﾘﾍﾞﾝｼﾞｱｸｷ-純子  ,1,1100,1100,2004,雑貨類,キーホルダー
48,20250505,1115,ﾘﾍﾞﾝｼﾞｽﾃｯｶ-さく ,1,440,440,2004,雑貨類,ステッカー
49,20250505,1117,ﾘﾍﾞﾝｼﾞｽﾃｯｶ-愛   ,1,440,440,2004,雑貨類,ステッカー
50,20250505,1114,ﾘﾍﾞﾝｼﾞｽﾃｯｶ-純子 ,1,440,440,2004,雑貨類,ステッカー
22,20250505,1119,ﾚｼﾞ袋           ,51,5,255,2011,ﾚｼﾞ袋           ,ﾚｼﾞ袋           
92,20250505,1121,一の塩250gｻ     ,1,671,671,2007,食品,
91,20250505,1121,一の塩250gし    ,1,480,480,2007,食品,
117,20250505,1123,一の塩飴        ,1,160,160,2010,駄菓子,お菓子(ちょい食べ)
26,20250505,1126,曳山ｽﾃｯｶｰ       ,4,500,2000,2004,雑貨類,曳山関連
157,20250505,1128,塩ｻｲﾀﾞｰ         ,6,216,1296,2008,飲料,
12,20250505,1130,花入れ(高野路窯 ,2,840,1680,2009,装飾品,
13,20250505,1130,花入れ(高野路窯 ,1,1260,1260,2009,装飾品,
136,20250505,1131,甘夏ｷｬﾗﾒﾙ       ,11,220,2420,2002,洋菓子,
7,20250505,1132,季節物1650      ,1,1650,1650,2004,雑貨類,風呂敷・タオル
4,20250505,1134,季節物420       ,1,420,420,2004,雑貨類,風呂敷・タオル
5,20250505,1135,季節物550       ,1,550,550,2004,雑貨類,風呂敷・タオル
6,20250505,1137,季節物880       ,1,880,880,2004,雑貨類,風呂敷・タオル
174,20250505,1138,吉野ヶ里ﾏｽｺｯﾄST ,1,1980,1980,2004,雑貨類,ぬいぐるみ
72,20250505,1141,鯨大和煮        ,7,486,3402,2007,食品,
120,20250505,1142,源義経の兜      ,4,216,864,2007,食品,曳山関連
60,20250505,1145,呼子のｲｶﾀｵﾙﾊﾝｶﾁ ,1,770,770,2004,雑貨類,
97,20250505,1146,光玉KHﾑﾂｺﾞﾛｳ    ,4,440,1760,2004,雑貨類,キーホルダー
32,20250505,1147,攻城記念缶ﾊﾞｯｼﾞ ,3,440,1320,2004,雑貨類,
61,20250505,1149,考える呼子のｲｶ  ,3,605,1815,2004,雑貨類,ストラップ
149,20250505,1150,佐賀ｸﾚｰﾌﾟｼｮ     ,2,756,1512,2002,洋菓子,佐賀関連
140,20250505,1152,佐賀ﾌﾚﾝｽﾞ占いｷｬﾝ,1,432,432,2007,食品,
98,20250505,1153,佐賀みかんボーロ,10,440,4400,2003,和菓子,佐賀関連
150,20250505,1154,佐賀ﾒﾓﾘｱﾙﾋﾟｭｱｼｮｺ,5,702,3510,2002,洋菓子,佐賀関連
123,20250505,1155,佐賀県産和牛ｶﾚ  ,4,870,3480,2007,食品,パウチ
116,20250505,1157,雑貨130         ,7,1430,10010,2004,雑貨類,
113,20250505,1158,雑貨№100       ,3,1100,3300,2004,雑貨類,
104,20250505,1160,雑貨№35        ,5,385,1925,2004,雑貨類,
105,20250505,1161,雑貨№40        ,15,440,6600,2004,雑貨類,
106,20250505,1162,雑貨№45        ,10,495,4950,2004,雑貨類,
107,20250505,1163,雑貨№50        ,17,550,9350,2004,雑貨類,
108,20250505,1164,雑貨№55        ,6,605,3630,2004,雑貨類,
109,20250505,1165,雑貨№60        ,6,660,3960,2004,雑貨類,
114,20250505,1166,雑貨№65        ,6,715,4290,2004,雑貨類,
110,20250505,1167,雑貨№70        ,11,770,8470,2004,雑貨類,
115,20250505,1168,雑貨№75        ,1,825,825,2004,雑貨類,
111,20250505,1169,雑貨№80        ,2,880,1760,2004,雑貨類,
112,20250505,1170,雑貨№90        ,3,990,2970,2004,雑貨類,
8,20250505,1171,三色だんご3本入 ,6,360,2160,2003,和菓子,
63,20250505,1172,仕上がってるｼﾘｰ ,2,660,1320,2004,雑貨類,ストラップ
119,20250505,1176,酒粕ﾋﾟｰﾅｯﾂ      ,3,378,1134,2010,駄菓子,お菓子(ちょい食べ)
127,20250505,1178,小岩井純水ぶどう,1,170,170,2008,飲料,
88,20250505,1180,招きねこﾁｮｺ     ,2,378,756,2002,洋菓子,袋菓子
37,20250505,1181,松ぼっ栗        ,3,1600,4800,2003,和菓子,唐津関連
128,20250505,1182,松浦漬缶詰      ,1,1404,1404,2007,食品,
129,20250505,1184,松浦漬小箱80g   ,3,702,2106,2007,食品,
53,20250505,1185,松原おこし(14本 ,2,394,788,2003,和菓子,唐津関連
52,20250505,1186,松原おこし(7本  ,5,227,1135,2003,和菓子,唐津関連
90,20250505,1187,松露饅頭(10ヶ入),22,1296,28512,2003,和菓子,唐津関連
96,20250505,1189,新九州ﾙﾙﾙﾝAM3   ,1,1760,1760,2005,生活雑貨,顔用パック
151,20250505,1190,水光呼子いかせん,14,650,9100,2010,駄菓子,袋菓子
146,20250505,1191,生姜ｼﾛｯﾌﾟ       ,1,864,864,2007,食品,
67,20250505,1192,青しそ健康そうめ,7,540,3780,2007,食品,
164,20250505,1194,昔羊羹(小)      ,6,490,2940,2003,和菓子,箱入り
165,20250505,1197,切羊羹          ,8,540,4320,2003,和菓子,箱入り
10,20250505,1200,煎茶(高野路窯)  ,1,840,840,2007,食品,
121,20250505,1204,鯛              ,4,216,864,2007,食品,醤油
18,20250505,1206,大名紋章図      ,6,550,3300,2009,装飾品,地図
24,20250505,1207,凧              ,4,350,1400,2009,装飾品,
36,20250505,1208,淡雪饅頭6個入り ,7,650,4550,2003,和菓子,箱入り
39,20250505,1209,淡雪饅頭8個入   ,6,865,5190,2003,和菓子,箱入り
85,20250505,1210,都飴花畑        ,2,540,1080,2002,洋菓子,飴
86,20250505,1211,都飴風車        ,2,540,1080,2002,洋菓子,クッキー
133,20250505,1213,唐ワンくんﾆｯﾄﾄｰﾄ,1,990,990,2004,雑貨類,
168,20250505,1214,唐津お城饅頭(小 ,10,870,8700,2003,和菓子,唐津城関連
167,20250505,1215,唐津お城饅頭(大 ,5,1300,6500,2003,和菓子,唐津城関連
124,20250505,1216,唐津くんちﾁｷﾝ   ,1,558,558,2007,食品,曳山関連
122,20250505,1217,唐津くんちﾃﾞﾗﾐ  ,3,430,1290,2007,食品,曳山関連
131,20250505,1218,唐津ｻｸｻｸｷｬ      ,10,518,5180,2002,洋菓子,唐津関連
144,20250505,1219,唐津の風(小)    ,2,800,1600,2002,洋菓子,唐津関連
145,20250505,1219,唐津の風(大)    ,8,1600,12800,2002,洋菓子,唐津関連
134,20250505,1220,唐津みるくｷｬﾗﾒﾙ ,5,486,2430,2002,洋菓子,唐津関連
43,20250505,1221,唐津城 缶バッジ ,6,400,2400,2004,雑貨類,唐津城関連
19,20250505,1224,唐津城ﾒﾀﾞﾙ      ,14,600,8400,2004,雑貨類,唐津城関連
21,20250505,1227,唐津城御朱印    ,89,400,35600,2001,御朱印,
166,20250505,1228,唐津城物語      ,5,650,3250,2003,和菓子,唐津城関連
73,20250505,1231,藤棚ｸﾘｱﾌｧｲﾙ     ,4,220,880,2004,雑貨類,
59,20250505,1233,豆柴ｶｰﾄﾞｹｰｽ     ,1,605,605,2004,雑貨類,
58,20250505,1235,豆柴ﾀｵﾙﾊﾝｶﾁ     ,1,770,770,2004,雑貨類,
31,20250505,1236,箸置5ｹ組(梶原)  ,1,2200,2200,2005,生活雑貨,
11,20250505,1237,箸置き(高野路窯 ,2,320,640,2005,生活雑貨,
16,20250505,1238,箸置き(大杉)    ,2,660,1320,2005,生活雑貨,
15,20250505,1238,箸置き(大杉皿屋 ,8,550,4400,2005,生活雑貨,
87,20250505,1241,舞妓ﾁｮｺ         ,1,378,378,2002,洋菓子,袋菓子
158,20250505,1242,米ｻｲﾀﾞｰ         ,3,270,810,2008,飲料,
95,20250505,1243,宝当さん(赤)    ,3,850,2550,2004,雑貨類,封筒
143,20250505,1244,麻花兒          ,1,480,480,2003,和菓子,よりより
2,20250505,1246,民芸雑貨350     ,1,385,385,2004,雑貨類,キーホルダー
3,20250505,1247,民芸雑貨600     ,1,660,660,2004,雑貨類,キーホルダー
173,20250505,1248,名字ｼ-ﾙVOL2     ,11,385,4235,2004,雑貨類,シール
25,20250505,1250,六角凧          ,1,250,250,2009,装飾品,
38,20250505,1251,六萬石          ,9,1500,13500,2003,和菓子,箱入り
42,20250505,1252,和手拭い        ,1,880,880,2005,生活雑貨,
147,20250505,1253,和風ぴーかんなっ,2,1080,2160,2002,洋菓子,箱入り
697,20250504,1001,３種の贅沢ピーカ,1,1160,1160,2002,洋菓子,箱入り
685,20250504,1002,agodesTｼｬﾂ      ,1,2200,2200,2006,衣料,Tシャツ
591,20250504,1004,ｱｲｽｸﾘｰﾑ         ,3,210,630,2002,洋菓子,
668,20250504,1005,あん入りのんき  ,1,220,220,2003,和菓子,お菓子(ちょい食べ)
669,20250504,1006,いかすみｺﾞｰﾌﾚ   ,4,648,2592,2002,洋菓子,箱入り
680,20250504,1007,いかせん        ,14,650,9100,2003,和菓子,箱入り
628,20250504,1008,いかにゃんぷち  ,1,660,660,2004,雑貨類,キーホルダー
572,20250504,1012,ｲｶ凧            ,1,150,150,2004,雑貨類,
682,20250504,1013,いか鉄ちゃん    ,4,980,3920,2007,食品,
613,20250504,1014,いか鉄板焼き    ,9,540,4860,2007,食品,
692,20250504,1015,いちごさんクリー,1,700,700,2007,食品,
684,20250504,1016,うまかぁ~いりこ ,1,540,540,2007,食品,
683,20250504,1017,うまかぁ~のり天 ,4,540,2160,2007,食品,
626,20250504,1018,おんせんにゃん  ,2,990,1980,1000,その他,
556,20250504,1020,かしわ餅2個入り ,7,360,2520,2003,和菓子,
554,20250504,1021,ｶｯﾌﾟ(王天家窯   ,1,2750,2750,2005,生活雑貨,
557,20250504,1022,ｶｯﾌﾟ(高野路窯   ,1,2100,2100,2005,生活雑貨,
706,20250504,1023,かぼすｻﾜｰ       ,9,216,1944,2008,飲料,
720,20250504,1024,からつ茶団子    ,2,870,1740,2003,和菓子,唐津関連
712,20250504,1025,ｶﾙｯﾃﾍﾞｲｸ        ,8,691,5528,2002,洋菓子,箱入り
566,20250504,1027,ｷｰﾎﾙﾀﾞｰ         ,5,300,1500,2004,雑貨類,キーホルダー
643,20250504,1030,ｷｬﾗｸﾀｰ№1       ,4,1100,4400,2004,雑貨類,キーホルダー
640,20250504,1031,ｷｬﾗｸﾀｰ№5       ,1,550,550,2004,雑貨類,キーホルダー
641,20250504,1032,ｷｬﾗｸﾀｰ№6       ,1,660,660,2004,雑貨類,キーホルダー
642,20250504,1033,ｷｬﾗｸﾀｰ№7       ,1,770,770,2004,雑貨類,キーホルダー
601,20250504,1036,ぎゅぎゅ缶ﾊﾞｯﾁｿﾞ,1,550,550,2004,雑貨類,缶バッチ
703,20250504,1037,ｷﾝｾﾝｻｲﾀﾞｰ       ,4,216,864,2008,飲料,
704,20250504,1038,ｷﾝｾﾝﾗﾑﾈ         ,8,195,1560,2008,飲料,
617,20250504,1041,くじらｼﾞｬ-ｷ-    ,4,432,1728,2007,食品,
577,20250504,1042,ｸﾘｱ歴民         ,1,300,300,2004,雑貨類,クリアファイル
709,20250504,1045,ｸﾚﾖﾝしんちゃんｸｯ,6,760,4560,2002,洋菓子,
562,20250504,1047,ｺｯﾌﾟ            ,4,840,3360,2004,雑貨類,
686,20250504,1049,ｻﾞｲｶﾉﾌｪｨｽTｼｬﾂ   ,1,2200,2200,2006,衣料,Tシャツ
710,20250504,1051,しっとりﾊﾞｰ     ,2,648,1296,1000,その他,
725,20250504,1055,ｽﾄｰﾝﾊﾟﾜｰ携帯ﾏｽｺｯ,3,495,1485,2008,飲料,
705,20250504,1056,ｽﾏｯｸｺﾞｰﾙﾄﾞ      ,18,216,3888,2008,飲料,
598,20250504,1058,だがし屋さんの駄,3,300,900,2010,駄菓子,
694,20250504,1059,たまねぎｽﾅｯｸ    ,4,440,1760,2010,駄菓子,
713,20250504,1060,ﾁｰｽﾞﾗﾝｸﾞﾄﾞｼｬ・大,1,972,972,2002,洋菓子,箱入り
726,20250504,1061,つぶらな瞳の水族,2,418,836,2004,雑貨類,
614,20250504,1062,ななやまの天然水,8,154,1232,2008,飲料,
722,20250504,1063,にゃんころ鈴    ,1,440,440,2004,雑貨類,
610,20250504,1064,のびしばムツゴロ,1,770,770,2004,雑貨類,ストラップ
609,20250504,1066,のびねこ唐津城  ,3,770,2310,2004,雑貨類,唐津城関連
606,20250504,1067,のび呼子ｲｶ      ,1,770,770,2004,雑貨類,ストラップ
625,20250504,1069,ﾊﾞﾙｰﾝうさぎ     ,5,440,2200,2004,雑貨類,キーホルダー
623,20250504,1070,ﾊﾞﾙｰﾝちいかわ   ,3,440,1320,2004,雑貨類,キーホルダー
624,20250504,1073,ﾊﾞﾙｰﾝハチワレ   ,2,440,880,2004,雑貨類,キーホルダー
644,20250504,1076,ひきやま№65    ,2,715,1430,2004,雑貨類,曳山関連
588,20250504,1077,ひきやまTｼｬﾂ    ,5,2800,14000,2006,衣料,曳山関連
584,20250504,1080,ひきやまｶﾞﾑ6    ,1,450,450,2009,装飾品,曳山関連
661,20250504,1091,ぷっちょぶどうｽ ,1,160,160,2004,雑貨類,缶バッチ
660,20250504,1092,ﾌﾞﾗｯｸﾓﾝﾌﾞﾗﾝｸﾗﾝﾁﾁ,3,1400,4200,2002,洋菓子,箱入り
711,20250504,1093,ﾌﾟﾚﾐｱﾑｽｲｰﾂｱｿｰﾄ  ,2,1080,2160,2002,洋菓子,箱入り
567,20250504,1094,ﾍﾟﾝﾀﾞﾝﾄ         ,4,300,1200,2009,装飾品,ペンダント
579,20250504,1095,ﾎﾟｽｶ旧唐        ,7,150,1050,2004,雑貨類,唐津関連
578,20250504,1096,ﾎﾟｽｶ歴民        ,2,150,300,2004,雑貨類,唐津関連
574,20250504,1099,ぽっくり置物(小 ,2,1337,2674,2009,装飾品,
549,20250504,1101,ﾎﾞﾝﾀﾝｱﾒ(小      ,1,170,170,2002,洋菓子,
695,20250504,1102,ﾎﾞﾝﾀﾝ飴(中)     ,2,440,880,2002,洋菓子,
677,20250504,1104,ﾏｸﾞﾈｯﾄ唐津城    ,19,495,9405,2004,雑貨類,唐津城関連
674,20250504,1105,まるぼうろ5個入 ,4,400,1600,2003,和菓子,箱入り
721,20250504,1106,ﾐﾆｶﾞﾝKH         ,6,495,2970,2004,雑貨類,キーホルダー
585,20250504,1107,ﾐﾆ曳山ｶﾞﾑ3個    ,1,620,620,2010,駄菓子,曳山関連
586,20250504,1107,ﾐﾆ曳山ｶﾞﾑ5個    ,1,1050,1050,2010,駄菓子,曳山関連
627,20250504,1109,むつごろうにゃん,1,660,660,2004,雑貨類,キーホルダー
634,20250504,1109,むつごろうにゃん,3,990,2970,2004,雑貨類,キーホルダー
621,20250504,1110,ﾗﾊﾞｰｷｰﾎﾙﾀﾞ      ,4,330,1320,2004,雑貨類,キーホルダー
592,20250504,1111,ﾘﾍﾞﾝｼﾞｱｸｷ-ｻｷ    ,1,1100,1100,2004,雑貨類,キーホルダー
594,20250504,1113,ﾘﾍﾞﾝｼﾞｱｸｷ-幸太郎,1,1100,1100,2004,雑貨類,キーホルダー
593,20250504,1114,ﾘﾍﾞﾝｼﾞｱｸｷ-純子  ,1,1100,1100,2004,雑貨類,キーホルダー
595,20250504,1115,ﾘﾍﾞﾝｼﾞｽﾃｯｶ-さく ,1,440,440,2004,雑貨類,ステッカー
597,20250504,1118,ﾘﾍﾞﾝｼﾞｽﾃｯｶ-幸太 ,1,440,440,2004,雑貨類,ステッカー
596,20250504,1114,ﾘﾍﾞﾝｼﾞｽﾃｯｶ-純子 ,1,440,440,2004,雑貨類,ステッカー
569,20250504,1119,ﾚｼﾞ袋           ,39,5,195,2011,ﾚｼﾞ袋           ,ﾚｼﾞ袋           
702,20250504,1120,安納芋ようかん  ,1,540,540,2003,和菓子,
659,20250504,1122,一の塩ｷｬﾗﾒﾙ     ,3,160,480,2010,駄菓子,お菓子(ちょい食べ)
658,20250504,1123,一の塩飴        ,1,160,160,2010,駄菓子,お菓子(ちょい食べ)
575,20250504,1124,一輪挿し        ,1,1800,1800,2009,装飾品,
553,20250504,1125,曳山Tｼｬﾂ        ,1,2900,2900,2006,衣料,曳山関連
573,20250504,1126,曳山ｽﾃｯｶｰ       ,1,500,500,2004,雑貨類,曳山関連
587,20250504,1127,曳山絵はがき1枚 ,1,150,150,2004,雑貨類,曳山関連
707,20250504,1128,塩ｻｲﾀﾞｰ         ,7,216,1512,2008,飲料,
561,20250504,1129,花さし          ,1,250,250,2009,装飾品,
558,20250504,1130,花入れ(高野路窯 ,1,840,840,2009,装飾品,
559,20250504,1130,花入れ(高野路窯 ,2,1050,2100,2009,装飾品,
560,20250504,1130,花入れ(高野路窯 ,2,1260,2520,2009,装飾品,
681,20250504,1131,甘夏ｷｬﾗﾒﾙ       ,4,220,880,2002,洋菓子,
551,20250504,1133,季節物1760      ,3,1760,5280,2004,雑貨類,風呂敷・タオル
550,20250504,1137,季節物880       ,1,880,880,2004,雑貨類,風呂敷・タオル
701,20250504,1140,栗入りようかん  ,1,540,540,2003,和菓子,
618,20250504,1141,鯨大和煮        ,8,486,3888,2007,食品,
700,20250504,1144,玄海漬(鯨軟骨粕 ,1,1080,1080,2007,食品,
602,20250504,1145,呼子のｲｶﾀｵﾙﾊﾝｶﾁ ,2,770,1540,2004,雑貨類,
638,20250504,1146,光玉KHﾑﾂｺﾞﾛｳ    ,2,440,880,2004,雑貨類,キーホルダー
576,20250504,1147,攻城記念缶ﾊﾞｯｼﾞ ,2,440,880,2004,雑貨類,
605,20250504,1148,考える黄金のうん,1,605,605,2004,雑貨類,ストラップ
604,20250504,1149,考える呼子のｲｶ  ,1,605,605,2004,雑貨類,ストラップ
698,20250504,1150,佐賀ｸﾚｰﾌﾟｼｮ     ,10,756,7560,2002,洋菓子,佐賀関連
723,20250504,1151,佐賀ﾊﾞﾙｰﾝ2ぬいS ,1,3960,3960,2004,雑貨類,
687,20250504,1152,佐賀ﾌﾚﾝｽﾞ占いｷｬﾝ,1,432,432,2007,食品,
639,20250504,1153,佐賀みかんボーロ,19,440,8360,2003,和菓子,佐賀関連
666,20250504,1155,佐賀県産和牛ｶﾚ  ,1,870,870,2007,食品,パウチ
552,20250504,1156,雑貨            ,1,150,150,2004,雑貨類,
657,20250504,1157,雑貨130         ,6,1430,8580,2004,雑貨類,
653,20250504,1158,雑貨№100       ,5,1100,5500,2004,雑貨類,
656,20250504,1159,雑貨№140       ,1,1540,1540,2004,雑貨類,
645,20250504,1161,雑貨№40        ,22,440,9680,2004,雑貨類,
646,20250504,1162,雑貨№45        ,10,495,4950,2004,雑貨類,
647,20250504,1163,雑貨№50        ,5,550,2750,2004,雑貨類,
648,20250504,1164,雑貨№55        ,6,605,3630,2004,雑貨類,
649,20250504,1165,雑貨№60        ,6,660,3960,2004,雑貨類,
654,20250504,1166,雑貨№65        ,8,715,5720,2004,雑貨類,
650,20250504,1167,雑貨№70        ,11,770,8470,2004,雑貨類,
655,20250504,1168,雑貨№75        ,1,825,825,2004,雑貨類,
651,20250504,1169,雑貨№80        ,8,880,7040,2004,雑貨類,
652,20250504,1170,雑貨№90        ,3,990,2970,2004,雑貨類,
555,20250504,1171,三色だんご3本入 ,9,360,3240,2003,和菓子,
607,20250504,1172,仕上がってるｼﾘｰ ,1,660,660,2004,雑貨類,ストラップ
608,20250504,1172,仕上がってるｼﾘｰ ,1,660,660,2004,雑貨類,ストラップ
665,20250504,1175,珠取獅子        ,1,216,216,2004,雑貨類,曳山関連
671,20250504,1178,小岩井純水ぶどう,4,170,680,2008,飲料,
670,20250504,1179,小岩井純水りんご,3,170,510,2008,飲料,
632,20250504,1180,招きねこﾁｮｺ     ,2,378,756,2002,洋菓子,袋菓子
581,20250504,1181,松ぼっ栗        ,1,1600,1600,2003,和菓子,唐津関連
672,20250504,1182,松浦漬缶詰      ,1,1404,1404,2007,食品,
673,20250504,1184,松浦漬小箱80g   ,16,702,11232,2007,食品,
600,20250504,1185,松原おこし(14本 ,5,394,1970,2003,和菓子,唐津関連
599,20250504,1186,松原おこし(7本  ,3,227,681,2003,和菓子,唐津関連
635,20250504,1187,松露饅頭(10ヶ入),24,1296,31104,2003,和菓子,唐津関連
637,20250504,1189,新九州ﾙﾙﾙﾝAM3   ,1,1760,1760,2005,生活雑貨,顔用パック
699,20250504,1190,水光呼子いかせん,9,650,5850,2010,駄菓子,袋菓子
693,20250504,1191,生姜ｼﾛｯﾌﾟ       ,1,864,864,2007,食品,
612,20250504,1192,青しそ健康うどん,7,486,3402,2007,食品,
611,20250504,1192,青しそ健康そうめ,6,540,3240,2007,食品,
663,20250504,1193,青獅子          ,1,216,216,2004,雑貨類,曳山関連
714,20250504,1194,昔羊羹(小)      ,9,490,4410,2003,和菓子,箱入り
662,20250504,1195,赤獅子          ,2,216,432,2004,雑貨類,曳山関連
715,20250504,1197,切羊羹          ,4,540,2160,2003,和菓子,箱入り
622,20250504,1199,戦 ｸﾘｱﾌｧｲﾙ      ,2,330,660,2004,雑貨類,
688,20250504,1201,村山ｺｰﾋｰ        ,1,140,140,2008,飲料,
689,20250504,1202,村山ヨーグルト  ,2,140,280,2008,飲料,
664,20250504,1204,鯛              ,1,216,216,2007,食品,醤油
633,20250504,1205,鯛山帽子        ,1,4200,4200,2004,雑貨類,曳山関連
570,20250504,1207,凧              ,1,350,350,2009,装飾品,
580,20250504,1208,淡雪饅頭6個入り ,8,650,5200,2003,和菓子,箱入り
583,20250504,1209,淡雪饅頭8個入   ,6,865,5190,2003,和菓子,箱入り
629,20250504,1210,都飴花畑        ,1,540,540,2002,洋菓子,飴
630,20250504,1211,都飴風車        ,2,540,1080,2002,洋菓子,飴
678,20250504,1213,唐ワンくんﾆｯﾄﾄｰﾄ,1,990,990,2004,雑貨類,
719,20250504,1214,唐津お城饅頭(小 ,10,870,8700,2003,和菓子,唐津城関連
718,20250504,1215,唐津お城饅頭(大 ,2,1300,2600,2003,和菓子,唐津城関連
667,20250504,1216,唐津くんちﾁｷﾝ   ,3,558,1674,2007,食品,曳山関連
676,20250504,1218,唐津ｻｸｻｸｷｬ      ,4,518,2072,2002,洋菓子,唐津関連
690,20250504,1219,唐津の風(小)    ,6,800,4800,2002,洋菓子,唐津関連
691,20250504,1219,唐津の風(大)    ,4,1600,6400,2002,洋菓子,唐津関連
679,20250504,1220,唐津みるくｷｬﾗﾒﾙ ,3,486,1458,2002,洋菓子,唐津関連
590,20250504,1221,唐津城 缶バッジ ,3,400,1200,2004,雑貨類,唐津城関連
616,20250504,1222,唐津城(花火)箱入,1,1980,1980,2004,雑貨類,唐津城関連
615,20250504,1223,唐津城(藤の花)箱,1,1980,1980,2004,雑貨類,唐津城関連
565,20250504,1224,唐津城ﾒﾀﾞﾙ      ,18,600,10800,2004,雑貨類,唐津城関連
568,20250504,1227,唐津城御朱印    ,81,400,32400,2001,御朱印,
716,20250504,1228,唐津城物語      ,3,650,1950,2003,和菓子,唐津城関連
717,20250504,1229,唐津城物語2本   ,2,1520,3040,2003,和菓子,唐津城関連
563,20250504,1230,湯呑み(大杉)    ,1,2200,2200,2005,生活雑貨,
564,20250504,1230,湯呑み(大杉)    ,1,5500,5500,2005,生活雑貨,
620,20250504,1231,藤棚ｸﾘｱﾌｧｲﾙ     ,4,220,880,2004,雑貨類,
603,20250504,1232,豆柴×唐津くんち,4,660,2640,2004,雑貨類,曳山関連
631,20250504,1241,舞妓ﾁｮｺ         ,2,378,756,2002,洋菓子,袋菓子
708,20250504,1242,米ｻｲﾀﾞｰ         ,2,270,540,2008,飲料,
636,20250504,1243,宝当さん(赤)    ,1,850,850,2004,雑貨類,封筒
619,20250504,1245,抹茶松露        ,1,440,440,2003,和菓子,唐津関連
724,20250504,1248,名字ｼ-ﾙVOL2     ,11,385,4235,2004,雑貨類,シール
675,20250504,1249,柚子みそせんべい,1,518,518,2003,和菓子,
571,20250504,1250,六角凧          ,2,250,500,2009,装飾品,
582,20250504,1251,六萬石          ,9,1500,13500,2003,和菓子,箱入り
589,20250504,1252,和手拭い        ,1,880,880,2005,生活雑貨,
696,20250504,1253,和風ぴーかんなっ,2,1080,2160,2002,洋菓子,箱入り
520,20250503,1001,３種の贅沢ピーカ,2,1160,2320,2002,洋菓子,箱入り
508,20250503,1003,sagadesTｼｬﾂ     ,1,2200,2200,2006,衣料,Tシャツ
416,20250503,1004,ｱｲｽｸﾘｰﾑ         ,1,210,210,2002,洋菓子,
491,20250503,1006,いかすみｺﾞｰﾌﾚ   ,5,648,3240,2002,洋菓子,箱入り
501,20250503,1007,いかせん        ,12,650,7800,2003,和菓子,箱入り
451,20250503,1008,いかにゃんぷち  ,1,660,660,2004,雑貨類,キーホルダー
545,20250503,1011,イカマスコットST,1,1760,1760,2004,雑貨類,ぬいぐるみ
396,20250503,1012,ｲｶ凧            ,1,150,150,2004,雑貨類,
503,20250503,1013,いか鉄ちゃん    ,5,980,4900,2007,食品,
438,20250503,1014,いか鉄板焼き    ,3,540,1620,2007,食品,
505,20250503,1016,うまかぁ~いりこ ,1,540,540,2007,食品,
504,20250503,1017,うまかぁ~のり天 ,3,540,1620,2007,食品,
450,20250503,1018,おんせんにゃん  ,2,990,1980,1000,その他,
377,20250503,1020,かしわ餅2個入り ,1,360,360,2003,和菓子,
374,20250503,1021,ｶｯﾌﾟ(王天家窯   ,1,2200,2200,2005,生活雑貨,
375,20250503,1021,ｶｯﾌﾟ(王天家窯   ,1,3300,3300,2005,生活雑貨,
528,20250503,1023,かぼすｻﾜｰ       ,5,216,1080,2008,飲料,
543,20250503,1024,からつ茶団子    ,4,870,3480,2003,和菓子,唐津関連
534,20250503,1026,ｶﾙﾃｯﾄｸﾗﾝ        ,2,842,1684,2002,洋菓子,箱入り
388,20250503,1027,ｷｰﾎﾙﾀﾞｰ         ,3,300,900,2004,雑貨類,キーホルダー
464,20250503,1029,ｷｰﾎﾙﾀﾞｰ№5      ,3,550,1650,2004,雑貨類,キーホルダー
463,20250503,1030,ｷｬﾗｸﾀｰ№1       ,4,1100,4400,2004,雑貨類,キーホルダー
461,20250503,1031,ｷｬﾗｸﾀｰ№5       ,1,550,550,2004,雑貨類,キーホルダー
462,20250503,1034,ｷｬﾗｸﾀｰ№8       ,1,880,880,2004,雑貨類,キーホルダー
428,20250503,1036,ぎゅぎゅ缶ﾊﾞｯﾁｿﾞ,1,550,550,2004,雑貨類,缶バッチ
525,20250503,1037,ｷﾝｾﾝｻｲﾀﾞｰ       ,3,216,648,2008,飲料,
526,20250503,1038,ｷﾝｾﾝﾗﾑﾈ         ,7,195,1365,2008,飲料,
385,20250503,1039,ぐい呑(大杉)    ,1,1650,1650,2005,生活雑貨,
379,20250503,1040,ぐい呑み(高野路 ,1,1050,1050,2005,生活雑貨,
443,20250503,1041,くじらｼﾞｬ-ｷ-    ,6,432,2592,2007,食品,
400,20250503,1042,ｸﾘｱ歴民         ,2,300,600,2004,雑貨類,クリアファイル
378,20250503,1042,ｸﾘｰﾑ大福        ,2,360,720,2003,和菓子,
439,20250503,1044,ｸﾚしんﾑﾂｺﾞﾛｳ    ,1,550,550,2004,雑貨類,
531,20250503,1045,ｸﾚﾖﾝしんちゃんｸｯ,1,760,760,2002,洋菓子,
506,20250503,1049,ｻﾞｲｶﾉﾌｪｨｽTｼｬﾂ   ,3,2200,6600,2006,衣料,Tシャツ
509,20250503,1049,ｻｶﾞﾉﾌｪｲｽTｼｬﾂ    ,1,2200,2200,2006,衣料,Tシャツ
516,20250503,1050,さくらあん玉    ,2,540,1080,2003,和菓子,
532,20250503,1051,しっとりﾊﾞｰ     ,2,648,1296,1000,その他,
535,20250503,1053,ｼｮｺﾗしっとり    ,1,702,702,2002,洋菓子,箱入り
527,20250503,1056,ｽﾏｯｸｺﾞｰﾙﾄﾞ      ,11,216,2376,2008,飲料,
424,20250503,1058,だがし屋さんの駄,8,300,2400,2010,駄菓子,
517,20250503,1059,たまねぎｽﾅｯｸ    ,2,440,880,2010,駄菓子,
536,20250503,1060,ﾁｰｽﾞﾗﾝｸﾞﾄﾞｼｬ・小,1,680,680,2002,洋菓子,箱入り
548,20250503,1061,つぶらな瞳の水族,3,418,1254,2004,雑貨類,
440,20250503,1062,ななやまの天然水,3,154,462,2008,飲料,
435,20250503,1066,のびねこ唐津城  ,3,770,2310,2004,雑貨類,唐津城関連
432,20250503,1067,のび呼子ｲｶ      ,2,770,1540,2004,雑貨類,ストラップ
402,20250503,1068,ﾊﾞｯｼﾞ旧唐       ,1,250,250,2004,雑貨類,キーホルダー
449,20250503,1069,ﾊﾞﾙｰﾝうさぎ     ,2,440,880,2004,雑貨類,キーホルダー
448,20250503,1073,ﾊﾞﾙｰﾝハチワレ   ,1,440,440,2004,雑貨類,キーホルダー
547,20250503,1075,ﾊﾝｶﾁ豆柴いか    ,2,770,1540,2004,雑貨類,
412,20250503,1077,ひきやまTｼｬﾂ    ,1,2800,2800,2006,衣料,曳山関連
407,20250503,1078,ひきやまｶﾞﾑ1    ,1,450,450,2009,装飾品,曳山関連
406,20250503,1079,ひきやまｶﾞﾑ5    ,3,450,1350,2009,装飾品,曳山関連
410,20250503,1083,ひきやま鯛鈴    ,1,1000,1000,2009,装飾品,曳山関連
478,20250503,1091,ぷっちょぶどうｽ ,1,160,160,2004,雑貨類,缶バッチ
533,20250503,1093,ﾌﾟﾚﾐｱﾑｽｲｰﾂｱｿｰﾄ  ,1,1080,1080,2002,洋菓子,箱入り
389,20250503,1094,ﾍﾟﾝﾀﾞﾝﾄ         ,2,300,600,2009,装飾品,ペンダント
403,20250503,1095,ﾎﾟｽｶ旧唐        ,2,150,300,2004,雑貨類,唐津関連
398,20250503,1099,ぽっくり置物(小 ,6,1337,8022,2009,装飾品,
489,20250503,1100,ﾎﾞﾙｼﾁﾛｼｱ風      ,1,700,700,2002,洋菓子,
518,20250503,1102,ﾎﾞﾝﾀﾝ飴(中)     ,1,440,440,2002,洋菓子,
415,20250503,1103,ぼんてん・まる缶,1,330,330,2002,洋菓子,
498,20250503,1104,ﾏｸﾞﾈｯﾄ唐津城    ,18,495,8910,2004,雑貨類,唐津城関連
496,20250503,1105,まるぼうろ5個入 ,4,400,1600,2003,和菓子,箱入り
544,20250503,1106,ﾐﾆｶﾞﾝKH         ,3,495,1485,2004,雑貨類,キーホルダー
409,20250503,1107,ﾐﾆ曳山ｶﾞﾑ3個    ,2,620,1240,2010,駄菓子,曳山関連
456,20250503,1109,むつごろうにゃん,1,990,990,2004,雑貨類,キーホルダー
446,20250503,1110,ﾗﾊﾞｰｷｰﾎﾙﾀﾞ      ,2,330,660,2004,雑貨類,キーホルダー
417,20250503,1111,ﾘﾍﾞﾝｼﾞｱｸｷ-ｻｷ    ,1,1100,1100,2004,雑貨類,キーホルダー
419,20250503,1112,ﾘﾍﾞﾝｼﾞｱｸｷ-ゆうぎ,1,1100,1100,2004,雑貨類,キーホルダー
420,20250503,1113,ﾘﾍﾞﾝｼﾞｱｸｷ-幸太郎,1,1100,1100,2004,雑貨類,キーホルダー
418,20250503,1114,ﾘﾍﾞﾝｼﾞｱｸｷ-純子  ,2,1100,2200,2004,雑貨類,キーホルダー
423,20250503,1116,ﾘﾍﾞﾝｼﾞｽﾃｯｶ-ゆう ,1,440,440,2004,雑貨類,ステッカー
421,20250503,1117,ﾘﾍﾞﾝｼﾞｽﾃｯｶ-愛   ,1,440,440,2004,雑貨類,ステッカー
422,20250503,1114,ﾘﾍﾞﾝｼﾞｽﾃｯｶ-純子 ,1,440,440,2004,雑貨類,ステッカー
392,20250503,1119,ﾚｼﾞ袋           ,43,5,215,2011,ﾚｼﾞ袋           ,ﾚｼﾞ袋           
459,20250503,1121,一の塩250gｻ     ,2,671,1342,2007,食品,
458,20250503,1121,一の塩250gし    ,1,480,480,2007,食品,
477,20250503,1122,一の塩ｷｬﾗﾒﾙ     ,2,160,320,2010,駄菓子,お菓子(ちょい食べ)
397,20250503,1126,曳山ｽﾃｯｶｰ       ,1,500,500,2004,雑貨類,曳山関連
411,20250503,1127,曳山絵はがき1枚 ,2,150,300,2004,雑貨類,曳山関連
529,20250503,1128,塩ｻｲﾀﾞｰ         ,4,216,864,2008,飲料,
383,20250503,1129,花さし          ,1,250,250,2009,装飾品,
381,20250503,1130,花入れ(高野路窯 ,2,1050,2100,2009,装飾品,
382,20250503,1130,花入れ(高野路窯 ,1,1260,1260,2009,装飾品,
502,20250503,1131,甘夏ｷｬﾗﾒﾙ       ,3,220,660,2002,洋菓子,
370,20250503,1132,季節物1650      ,2,1650,3300,2004,雑貨類,風呂敷・タオル
371,20250503,1133,季節物1760      ,2,1760,3520,2004,雑貨類,風呂敷・タオル
369,20250503,1134,季節物420       ,1,420,420,2004,雑貨類,風呂敷・タオル
524,20250503,1140,栗入りようかん  ,1,540,540,2003,和菓子,
444,20250503,1141,鯨大和煮        ,2,486,972,2007,食品,
481,20250503,1142,源義経の兜      ,1,216,216,2007,食品,曳山関連
399,20250503,1147,攻城記念缶ﾊﾞｯｼﾞ ,3,440,1320,2004,雑貨類,
431,20250503,1148,考える黄金のうん,1,605,605,2004,雑貨類,ストラップ
430,20250503,1149,考える呼子のｲｶ  ,1,605,605,2004,雑貨類,ストラップ
521,20250503,1150,佐賀ｸﾚｰﾌﾟｼｮ     ,1,756,756,2002,洋菓子,佐賀関連
507,20250503,1152,佐賀ﾌﾚﾝｽﾞ占いｷｬﾝ,2,432,864,2007,食品,
460,20250503,1153,佐賀みかんボーロ,13,440,5720,2003,和菓子,佐賀関連
522,20250503,1154,佐賀ﾒﾓﾘｱﾙﾋﾟｭｱｼｮｺ,5,702,3510,2002,洋菓子,佐賀関連
488,20250503,1155,佐賀県産和牛ｶﾚ  ,2,870,1740,2007,食品,パウチ
373,20250503,1156,雑貨            ,1,300,300,2004,雑貨類,
476,20250503,1157,雑貨130         ,3,1430,4290,2004,雑貨類,
474,20250503,1158,雑貨№100       ,4,1100,4400,2004,雑貨類,
465,20250503,1160,雑貨№35        ,1,385,385,2004,雑貨類,
466,20250503,1161,雑貨№40        ,5,440,2200,2004,雑貨類,
467,20250503,1162,雑貨№45        ,10,495,4950,2004,雑貨類,
468,20250503,1163,雑貨№50        ,5,550,2750,2004,雑貨類,
469,20250503,1164,雑貨№55        ,3,605,1815,2004,雑貨類,
470,20250503,1165,雑貨№60        ,1,660,660,2004,雑貨類,
475,20250503,1166,雑貨№65        ,3,715,2145,2004,雑貨類,
471,20250503,1167,雑貨№70        ,6,770,4620,2004,雑貨類,
472,20250503,1169,雑貨№80        ,2,880,1760,2004,雑貨類,
473,20250503,1170,雑貨№90        ,3,990,2970,2004,雑貨類,
376,20250503,1171,三色だんご3本入 ,2,360,720,2003,和菓子,
433,20250503,1172,仕上がってるｼﾘｰ ,1,660,660,2004,雑貨類,ストラップ
434,20250503,1172,仕上がってるｼﾘｰ ,1,660,660,2004,雑貨類,ストラップ
401,20250503,1173,紙ｸﾘｱ旧唐       ,3,350,1050,2004,雑貨類,
372,20250503,1174,手拭い(くんち)  ,1,800,800,2004,雑貨類,曳山関連
486,20250503,1175,珠取獅子        ,1,216,216,2004,雑貨類,曳山関連
408,20250503,1177,十二支ガム３個入,1,800,800,2010,駄菓子,お菓子(ちょい食べ)
493,20250503,1178,小岩井純水ぶどう,1,170,170,2008,飲料,
492,20250503,1179,小岩井純水りんご,2,170,340,2008,飲料,
455,20250503,1180,招きねこﾁｮｺ     ,4,378,1512,2002,洋菓子,袋菓子
494,20250503,1183,松浦漬詰合せ10  ,1,1296,1296,2007,食品,
495,20250503,1184,松浦漬小箱80g   ,5,702,3510,2007,食品,
427,20250503,1185,松原おこし(14本 ,3,394,1182,2003,和菓子,唐津関連
426,20250503,1186,松原おこし(7本  ,7,227,1589,2003,和菓子,唐津関連
457,20250503,1187,松露饅頭(10ヶ入),20,1296,25920,2003,和菓子,唐津関連
485,20250503,1188,上杉謙信の兜    ,1,216,216,2004,雑貨類,曳山関連
523,20250503,1190,水光呼子いかせん,11,650,7150,2010,駄菓子,袋菓子
437,20250503,1192,青しそ健康うどん,1,486,486,2007,食品,
436,20250503,1192,青しそ健康そうめ,2,540,1080,2007,食品,
480,20250503,1193,青獅子          ,1,216,216,2004,雑貨類,曳山関連
537,20250503,1194,昔羊羹(小)      ,4,490,1960,2003,和菓子,箱入り
479,20250503,1195,赤獅子          ,3,216,648,2004,雑貨類,曳山関連
538,20250503,1197,切羊羹          ,5,540,2700,2003,和菓子,箱入り
441,20250503,1198,千鳥橋2Lﾊﾟｽﾞﾙ   ,1,740,740,2004,雑貨類,
447,20250503,1199,戦 ｸﾘｱﾌｧｲﾙ      ,2,330,660,2004,雑貨類,
512,20250503,1201,村山ｺｰﾋｰ        ,9,140,1260,2008,飲料,
513,20250503,1202,村山ヨーグルト  ,3,140,420,2008,飲料,
511,20250503,1203,村山牛乳        ,9,140,1260,2008,飲料,
482,20250503,1204,鯛              ,3,216,648,2007,食品,醤油
386,20250503,1206,大名紋章図      ,2,550,1100,2009,装飾品,地図
394,20250503,1207,凧              ,2,350,700,2009,装飾品,
404,20250503,1208,淡雪饅頭6個入り ,3,650,1950,2003,和菓子,箱入り
452,20250503,1210,都飴花畑        ,1,540,540,2002,洋菓子,飴
453,20250503,1211,都飴風車        ,3,540,1620,2002,洋菓子,飴
425,20250503,1212,唐ワンくんクッキ,2,350,700,2002,洋菓子,唐津関連
499,20250503,1213,唐ワンくんﾆｯﾄﾄｰﾄ,1,990,990,2004,雑貨類,
542,20250503,1214,唐津お城饅頭(小 ,14,870,12180,2003,和菓子,唐津城関連
541,20250503,1215,唐津お城饅頭(大 ,4,1300,5200,2003,和菓子,唐津城関連
490,20250503,1216,唐津くんちﾁｷﾝ   ,3,558,1674,2007,食品,曳山関連
487,20250503,1217,唐津くんちﾃﾞﾗﾐ  ,4,430,1720,2007,食品,曳山関連
497,20250503,1218,唐津ｻｸｻｸｷｬ      ,1,518,518,2002,洋菓子,唐津関連
514,20250503,1219,唐津の風(小)    ,14,800,11200,2002,洋菓子,唐津関連
515,20250503,1219,唐津の風(大)    ,3,1600,4800,2002,洋菓子,唐津関連
500,20250503,1220,唐津みるくｷｬﾗﾒﾙ ,2,486,972,2002,洋菓子,唐津関連
414,20250503,1221,唐津城 缶バッジ ,4,400,1600,2004,雑貨類,唐津城関連
387,20250503,1224,唐津城ﾒﾀﾞﾙ      ,9,600,5400,2004,雑貨類,唐津城関連
393,20250503,1225,唐津城一筆箋(ﾌ  ,2,200,400,2004,雑貨類,唐津城関連
442,20250503,1226,唐津城沖2Lﾊﾟｽﾞﾙ ,1,740,740,2004,雑貨類,唐津城関連
391,20250503,1227,唐津城御朱印    ,62,400,24800,2001,御朱印,
539,20250503,1228,唐津城物語      ,2,650,1300,2003,和菓子,唐津城関連
540,20250503,1229,唐津城物語2本   ,2,1520,3040,2003,和菓子,唐津城関連
445,20250503,1231,藤棚ｸﾘｱﾌｧｲﾙ     ,2,220,440,2004,雑貨類,
429,20250503,1232,豆柴×唐津くんち,4,660,2640,2004,雑貨類,曳山関連
380,20250503,1237,箸置き(高野路窯 ,3,320,960,2005,生活雑貨,
384,20250503,1238,箸置き(大杉皿屋 ,4,550,2200,2005,生活雑貨,
483,20250503,1239,飛龍            ,1,216,216,2004,雑貨類,曳山関連
390,20250503,1240,付箋ｾｯﾄ(2本     ,1,250,250,2004,雑貨類,
484,20250503,1240,武田信玄の兜    ,1,216,216,2004,雑貨類,曳山関連
454,20250503,1241,舞妓ﾁｮｺ         ,3,378,1134,2002,洋菓子,袋菓子
530,20250503,1242,米ｻｲﾀﾞｰ         ,1,270,270,2008,飲料,
510,20250503,1244,麻花兒          ,1,480,480,2003,和菓子,よりより
368,20250503,1247,民芸雑貨600     ,2,660,1320,2004,雑貨類,キーホルダー
546,20250503,1248,名字ｼ-ﾙVOL2     ,12,385,4620,2004,雑貨類,シール
395,20250503,1250,六角凧          ,1,250,250,2009,装飾品,
405,20250503,1251,六萬石          ,4,1500,6000,2003,和菓子,箱入り
413,20250503,1252,和手拭い        ,2,880,1760,2005,生活雑貨,
519,20250503,1253,和風ぴーかんなっ,2,1080,2160,2002,洋菓子,箱入り
349,20250502,1001,３種の贅沢ピーカ,1,1160,1160,2002,洋菓子,箱入り
296,20250502,1004,ｱｲｽｸﾘｰﾑ         ,7,210,1470,2002,洋菓子,
334,20250502,1006,いかすみｺﾞｰﾌﾚ   ,1,648,648,2002,洋菓子,箱入り
341,20250502,1007,いかせん        ,2,650,1300,2003,和菓子,箱入り
286,20250502,1012,ｲｶ凧            ,1,150,150,2004,雑貨類,
343,20250502,1013,いか鉄ちゃん    ,4,980,3920,2007,食品,
311,20250502,1014,いか鉄板焼き    ,2,540,1080,2007,食品,
278,20250502,1020,かしわ餅2個入り ,3,360,1080,2003,和菓子,
356,20250502,1023,かぼすｻﾜｰ       ,2,216,432,2008,飲料,
365,20250502,1024,からつ茶団子    ,2,870,1740,2003,和菓子,唐津関連
359,20250502,1025,ｶﾙｯﾃﾍﾞｲｸ        ,1,691,691,2002,洋菓子,箱入り
302,20250502,1036,ぎゅぎゅ缶ﾊﾞｯﾁｿﾞ,1,550,550,2004,雑貨類,缶バッチ
303,20250502,1036,ぎゅぎゅ缶ﾊﾞｯﾁｿﾞ,1,550,550,2004,雑貨類,缶バッチ
354,20250502,1038,ｷﾝｾﾝﾗﾑﾈ         ,1,195,195,2008,飲料,
289,20250502,1042,ｸﾘｱ歴民         ,1,300,300,2004,雑貨類,クリアファイル
279,20250502,1042,ｸﾘｰﾑ大福        ,2,360,720,2003,和菓子,
358,20250502,1045,ｸﾚﾖﾝしんちゃんｸｯ,2,760,1520,2002,洋菓子,
319,20250502,1054,ｽﾀﾝﾄﾞﾒﾓ(唐      ,1,400,400,2004,雑貨類,唐津関連
355,20250502,1056,ｽﾏｯｸｺﾞｰﾙﾄﾞ      ,2,216,432,2008,飲料,
316,20250502,1057,ｿｯｸｽとかげｵﾚﾝｼﾞ ,1,528,528,2005,生活雑貨,
317,20250502,1057,ｿｯｸｽとかげﾚｯﾄﾞ  ,1,528,528,2005,生活雑貨,
300,20250502,1058,だがし屋さんの駄,2,300,600,2010,駄菓子,
360,20250502,1060,ﾁｰｽﾞﾗﾝｸﾞﾄﾞｼｬ・小,2,680,1360,2002,洋菓子,箱入り
312,20250502,1062,ななやまの天然水,2,154,308,2008,飲料,
309,20250502,1064,のびしばムツゴロ,1,770,770,2004,雑貨類,ストラップ
308,20250502,1066,のびねこ唐津城  ,1,770,770,2004,雑貨類,唐津城関連
306,20250502,1067,のびﾑﾂｺﾞﾛｳ      ,1,770,770,2004,雑貨類,ストラップ
318,20250502,1069,ﾊﾞﾙｰﾝうさぎ     ,2,440,880,2004,雑貨類,キーホルダー
315,20250502,1073,ﾊﾞﾙｰﾝハチワレ   ,1,440,440,2004,雑貨類,キーホルダー
367,20250502,1075,ﾊﾝｶﾁ豆柴いか    ,1,770,770,2004,雑貨類,
332,20250502,1092,ﾌﾞﾗｯｸﾓﾝﾌﾞﾗﾝｸﾗﾝﾁﾁ,2,1400,2800,2002,洋菓子,箱入り
291,20250502,1095,ﾎﾟｽｶ旧唐        ,1,150,150,2004,雑貨類,唐津関連
288,20250502,1098,ﾎﾟｽﾄｶｰﾄﾞ5番     ,1,110,110,2004,雑貨類,ポストカード
287,20250502,1099,ぽっくり置物(小 ,1,1337,1337,2009,装飾品,
348,20250502,1102,ﾎﾞﾝﾀﾝ飴(中)     ,1,440,440,2002,洋菓子,
340,20250502,1104,ﾏｸﾞﾈｯﾄ唐津城    ,6,495,2970,2004,雑貨類,唐津城関連
338,20250502,1105,まるぼうろ5個入 ,2,400,800,2003,和菓子,箱入り
298,20250502,1112,ﾘﾍﾞﾝｼﾞｱｸｷ-ゆうぎ,1,1100,1100,2004,雑貨類,キーホルダー
297,20250502,1114,ﾘﾍﾞﾝｼﾞｱｸｷ-純子  ,2,1100,2200,2004,雑貨類,キーホルダー
299,20250502,1118,ﾘﾍﾞﾝｼﾞｽﾃｯｶ-幸太 ,1,440,440,2004,雑貨類,ステッカー
284,20250502,1119,ﾚｼﾞ袋           ,17,5,85,2011,ﾚｼﾞ袋           ,ﾚｼﾞ袋           
353,20250502,1120,安納芋ようかん  ,1,540,540,2003,和菓子,
321,20250502,1121,一の塩250gｻ     ,1,671,671,2007,食品,
331,20250502,1122,一の塩ｷｬﾗﾒﾙ     ,2,160,320,2010,駄菓子,お菓子(ちょい食べ)
330,20250502,1123,一の塩飴        ,1,160,160,2010,駄菓子,お菓子(ちょい食べ)
294,20250502,1127,曳山絵はがき1枚 ,1,150,150,2004,雑貨類,曳山関連
280,20250502,1130,花入れ(高野路窯 ,2,840,1680,2009,装飾品,
281,20250502,1130,花入れ(高野路窯 ,1,1580,1580,2009,装飾品,
342,20250502,1131,甘夏ｷｬﾗﾒﾙ       ,4,220,880,2002,洋菓子,
277,20250502,1137,季節物880       ,2,880,1760,2004,雑貨類,風呂敷・タオル
352,20250502,1140,栗入りようかん  ,1,540,540,2003,和菓子,
344,20250502,1152,佐賀ﾌﾚﾝｽﾞ占いｷｬﾝ,1,432,432,2007,食品,
323,20250502,1153,佐賀みかんボーロ,1,440,440,2003,和菓子,佐賀関連
350,20250502,1154,佐賀ﾒﾓﾘｱﾙﾋﾟｭｱｼｮｺ,3,702,2106,2002,洋菓子,佐賀関連
324,20250502,1161,雑貨№40        ,2,440,880,2004,雑貨類,
325,20250502,1162,雑貨№45        ,3,495,1485,2004,雑貨類,
326,20250502,1163,雑貨№50        ,2,550,1100,2004,雑貨類,
327,20250502,1165,雑貨№60        ,1,660,660,2004,雑貨類,
329,20250502,1166,雑貨№65        ,1,715,715,2004,雑貨類,
328,20250502,1167,雑貨№70        ,1,770,770,2004,雑貨類,
307,20250502,1172,仕上がってるｼﾘｰ ,1,660,660,2004,雑貨類,ストラップ
290,20250502,1173,紙ｸﾘｱ旧唐       ,2,350,700,2004,雑貨類,
335,20250502,1178,小岩井純水ぶどう,2,170,340,2008,飲料,
336,20250502,1183,松浦漬詰合せ10  ,2,1296,2592,2007,食品,
337,20250502,1184,松浦漬小箱80g   ,4,702,2808,2007,食品,
320,20250502,1187,松露饅頭(10ヶ入),11,1296,14256,2003,和菓子,唐津関連
322,20250502,1189,新九州ﾙﾙﾙﾝKB3   ,2,1760,3520,2005,生活雑貨,顔用パック
351,20250502,1190,水光呼子いかせん,6,650,3900,2010,駄菓子,袋菓子
310,20250502,1192,青しそ健康そうめ,2,540,1080,2007,食品,
361,20250502,1194,昔羊羹(小)      ,2,490,980,2003,和菓子,箱入り
313,20250502,1196,赤城2Lﾊﾟｽﾞﾙ     ,1,740,740,2004,雑貨類,
362,20250502,1197,切羊羹          ,4,540,2160,2003,和菓子,箱入り
347,20250502,1201,村山ｺｰﾋｰ        ,2,140,280,2008,飲料,
346,20250502,1203,村山牛乳        ,1,140,140,2008,飲料,
292,20250502,1208,淡雪饅頭6個入り ,1,650,650,2003,和菓子,箱入り
301,20250502,1212,唐ワンくんクッキ,1,350,350,2002,洋菓子,唐津関連
364,20250502,1214,唐津お城饅頭(小 ,10,870,8700,2003,和菓子,唐津城関連
333,20250502,1216,唐津くんちﾁｷﾝ   ,1,558,558,2007,食品,曳山関連
339,20250502,1218,唐津ｻｸｻｸｷｬ      ,2,518,1036,2002,洋菓子,唐津関連
295,20250502,1221,唐津城 缶バッジ ,2,400,800,2004,雑貨類,唐津城関連
282,20250502,1224,唐津城ﾒﾀﾞﾙ      ,2,600,1200,2004,雑貨類,唐津城関連
283,20250502,1227,唐津城御朱印    ,42,400,16800,2001,御朱印,
363,20250502,1228,唐津城物語      ,2,650,1300,2003,和菓子,唐津城関連
305,20250502,1232,豆柴×唐津くんち,1,660,660,2004,雑貨類,曳山関連
304,20250502,1234,豆柴ﾀｵﾙﾊﾝｶﾁ     ,1,770,770,2004,雑貨類,
357,20250502,1242,米ｻｲﾀﾞｰ         ,4,270,1080,2008,飲料,
345,20250502,1244,麻花兒          ,1,480,480,2003,和菓子,よりより
314,20250502,1245,抹茶松露        ,2,440,880,2003,和菓子,唐津関連
366,20250502,1248,名字ｼ-ﾙVOL2     ,12,385,4620,2004,雑貨類,シール
285,20250502,1250,六角凧          ,1,250,250,2009,装飾品,
293,20250502,1251,六萬石          ,1,1500,1500,2003,和菓子,箱入り
198,20250501,1004,ｱｲｽｸﾘｰﾑ         ,7,210,1470,2002,洋菓子,
239,20250501,1007,いかせん        ,8,650,5200,2003,和菓子,箱入り
272,20250501,1009,イカぬいぐるみS ,1,3080,3080,2004,雑貨類,ぬいぐるみ
242,20250501,1010,いかのび～るｿｯｸｽ,2,605,1210,2004,雑貨類,
271,20250501,1011,イカマスコットST,1,1760,1760,2004,雑貨類,ぬいぐるみ
241,20250501,1013,いか鉄ちゃん    ,1,980,980,2007,食品,
208,20250501,1014,いか鉄板焼き    ,4,540,2160,2007,食品,
251,20250501,1015,いちごさんクリー,1,700,700,2007,食品,
243,20250501,1017,うまかぁ~のり天 ,1,540,540,2007,食品,
258,20250501,1019,お茶ｲﾀﾞｰ        ,1,216,216,2008,飲料,
179,20250501,1020,かしわ餅2個入り ,1,360,360,2003,和菓子,
257,20250501,1023,かぼすｻﾜｰ       ,3,216,648,2008,飲料,
269,20250501,1024,からつ茶団子    ,3,870,2610,2003,和菓子,唐津関連
262,20250501,1026,ｶﾙﾃｯﾄｸﾗﾝ        ,1,842,842,2002,洋菓子,箱入り
221,20250501,1028,ｷｰﾎﾙﾀﾞｰ№4      ,1,440,440,2004,雑貨類,キーホルダー
220,20250501,1031,ｷｬﾗｸﾀｰ№5       ,1,550,550,2004,雑貨類,キーホルダー
202,20250501,1036,ぎゅぎゅ缶ﾊﾞｯﾁｿﾞ,1,550,550,2004,雑貨類,缶バッチ
254,20250501,1037,ｷﾝｾﾝｻｲﾀﾞｰ       ,1,216,216,2008,飲料,
255,20250501,1038,ｷﾝｾﾝﾗﾑﾈ         ,1,195,195,2008,飲料,
210,20250501,1041,くじらｼﾞｬ-ｷ-    ,3,432,1296,2007,食品,
180,20250501,1042,ｸﾘｰﾑ大福        ,3,360,1080,2003,和菓子,
209,20250501,1044,ｸﾚしんﾑﾂｺﾞﾛｳ    ,1,550,550,2004,雑貨類,
244,20250501,1049,ｻﾞｲｶﾉﾌｪｨｽTｼｬﾂ   ,4,2200,8800,2006,衣料,Tシャツ
256,20250501,1056,ｽﾏｯｸｺﾞｰﾙﾄﾞ      ,6,216,1296,2008,飲料,
201,20250501,1058,だがし屋さんの駄,1,300,300,2010,駄菓子,
263,20250501,1060,ﾁｰｽﾞﾗﾝｸﾞﾄﾞｼｬ・小,3,680,2040,2002,洋菓子,箱入り
276,20250501,1061,つぶらな瞳の水族,1,418,418,2004,雑貨類,
214,20250501,1069,ﾊﾞﾙｰﾝうさぎ     ,1,440,440,2004,雑貨類,キーホルダー
212,20250501,1070,ﾊﾞﾙｰﾝちいかわ   ,1,440,440,2004,雑貨類,キーホルダー
213,20250501,1073,ﾊﾞﾙｰﾝハチワレ   ,2,440,880,2004,雑貨類,キーホルダー
275,20250501,1075,ﾊﾝｶﾁ豆柴いか    ,1,770,770,2004,雑貨類,
196,20250501,1077,ひきやまTｼｬﾂ    ,2,2800,5600,2006,衣料,曳山関連
194,20250501,1082,ひきやま赤獅子  ,1,1000,1000,2009,装飾品,曳山関連
195,20250501,1083,ひきやま鯛鈴    ,1,1000,1000,2009,装飾品,曳山関連
203,20250501,1090,ぷかっしゅ缶ﾊﾞｯ ,1,550,550,2004,雑貨類,缶バッチ
204,20250501,1090,ぷかっしゅ缶ﾊﾞｯ ,1,550,550,2004,雑貨類,缶バッチ
229,20250501,1092,ﾌﾞﾗｯｸﾓﾝﾌﾞﾗﾝｸﾗﾝﾁﾁ,3,1400,4200,2002,洋菓子,箱入り
261,20250501,1093,ﾌﾟﾚﾐｱﾑｽｲｰﾂｱｿｰﾄ  ,2,1080,2160,2002,洋菓子,箱入り
190,20250501,1099,ぽっくり置物(小 ,4,1337,5348,2009,装飾品,
175,20250501,1101,ﾎﾞﾝﾀﾝｱﾒ(小      ,1,170,170,2002,洋菓子,
238,20250501,1104,ﾏｸﾞﾈｯﾄ唐津城    ,6,495,2970,2004,雑貨類,唐津城関連
215,20250501,1109,むつごろうにゃん,2,660,1320,2004,雑貨類,キーホルダー
199,20250501,1111,ﾘﾍﾞﾝｼﾞｱｸｷ-ｻｷ    ,1,1100,1100,2004,雑貨類,キーホルダー
200,20250501,1117,ﾘﾍﾞﾝｼﾞｽﾃｯｶ-愛   ,1,440,440,2004,雑貨類,ステッカー
188,20250501,1119,ﾚｼﾞ袋           ,15,5,75,2011,ﾚｼﾞ袋           ,ﾚｼﾞ袋           
217,20250501,1121,一の塩250gｻ     ,4,671,2684,2007,食品,
228,20250501,1122,一の塩ｷｬﾗﾒﾙ     ,4,160,640,2010,駄菓子,お菓子(ちょい食べ)
227,20250501,1123,一の塩飴        ,1,160,160,2010,駄菓子,お菓子(ちょい食べ)
177,20250501,1125,曳山Tｼｬﾂ        ,2,2900,5800,2006,衣料,曳山関連
259,20250501,1128,塩ｻｲﾀﾞｰ         ,3,216,648,2008,飲料,
181,20250501,1130,花入れ(高野路窯 ,4,840,3360,2009,装飾品,
182,20250501,1130,花入れ(高野路窯 ,1,1050,1050,2009,装飾品,
183,20250501,1130,花入れ(高野路窯 ,1,1580,1580,2009,装飾品,
240,20250501,1131,甘夏ｷｬﾗﾒﾙ       ,3,220,660,2002,洋菓子,
176,20250501,1136,季節物770       ,1,770,770,2004,雑貨類,風呂敷・タオル
274,20250501,1138,吉野ヶ里ﾏｽｺｯﾄST ,1,1980,1980,2004,雑貨類,ぬいぐるみ
233,20250501,1139,金獅子          ,1,216,216,2004,雑貨類,曳山関連
234,20250501,1143,源頼光          ,1,216,216,2007,食品,曳山関連
252,20250501,1150,佐賀ｸﾚｰﾌﾟｼｮ     ,2,756,1512,2002,洋菓子,佐賀関連
270,20250501,1151,佐賀ﾊﾞﾙｰﾝ2ﾏｽｺｯﾄS,1,2420,2420,2007,食品,
245,20250501,1152,佐賀ﾌﾚﾝｽﾞ占いｷｬﾝ,1,432,432,2007,食品,
219,20250501,1153,佐賀みかんボーロ,8,440,3520,2003,和菓子,佐賀関連
226,20250501,1157,雑貨130         ,2,1430,2860,2004,雑貨類,
222,20250501,1162,雑貨№45        ,2,495,990,2004,雑貨類,
223,20250501,1163,雑貨№50        ,2,550,1100,2004,雑貨類,
224,20250501,1167,雑貨№70        ,2,770,1540,2004,雑貨類,
225,20250501,1169,雑貨№80        ,2,880,1760,2004,雑貨類,
178,20250501,1174,手拭い(ﾌﾞﾙｰ)    ,1,800,800,2004,雑貨類,曳山関連
236,20250501,1182,松浦漬缶詰      ,2,1404,2808,2007,食品,
216,20250501,1187,松露饅頭(10ヶ入),6,1296,7776,2003,和菓子,唐津関連
218,20250501,1189,新九州ﾙﾙﾙﾝKB3   ,1,1760,1760,2005,生活雑貨,顔用パック
253,20250501,1190,水光呼子いかせん,4,650,2600,2010,駄菓子,袋菓子
207,20250501,1192,青しそ健康うどん,2,486,972,2007,食品,
206,20250501,1192,青しそ健康そうめ,1,540,540,2007,食品,
264,20250501,1194,昔羊羹(小)      ,8,490,3920,2003,和菓子,箱入り
230,20250501,1195,赤獅子          ,1,216,216,2004,雑貨類,曳山関連
265,20250501,1197,切羊羹          ,1,540,540,2003,和菓子,箱入り
247,20250501,1201,村山ｺｰﾋｰ        ,2,140,280,2008,飲料,
248,20250501,1202,村山ヨーグルト  ,2,140,280,2008,飲料,
246,20250501,1203,村山牛乳        ,2,140,280,2008,飲料,
231,20250501,1204,鯛              ,1,216,216,2007,食品,醤油
191,20250501,1208,淡雪饅頭6個入り ,5,650,3250,2003,和菓子,箱入り
193,20250501,1209,淡雪饅頭8個入   ,2,865,1730,2003,和菓子,箱入り
268,20250501,1214,唐津お城饅頭(小 ,6,870,5220,2003,和菓子,唐津城関連
267,20250501,1215,唐津お城饅頭(大 ,3,1300,3900,2003,和菓子,唐津城関連
235,20250501,1216,唐津くんちﾁｷﾝ   ,1,558,558,2007,食品,曳山関連
237,20250501,1218,唐津ｻｸｻｸｷｬ      ,2,518,1036,2002,洋菓子,唐津関連
249,20250501,1219,唐津の風(小)    ,2,800,1600,2002,洋菓子,唐津関連
250,20250501,1219,唐津の風(大)    ,1,1600,1600,2002,洋菓子,唐津関連
186,20250501,1224,唐津城ﾒﾀﾞﾙ      ,2,600,1200,2004,雑貨類,唐津城関連
187,20250501,1227,唐津城御朱印    ,28,400,11200,2001,御朱印,
266,20250501,1228,唐津城物語      ,3,650,1950,2003,和菓子,唐津城関連
184,20250501,1230,湯呑み(大杉皿屋 ,1,1430,1430,2005,生活雑貨,
211,20250501,1231,藤棚ｸﾘｱﾌｧｲﾙ     ,1,220,220,2004,雑貨類,
205,20250501,1232,豆柴×唐津くんち,1,660,660,2004,雑貨類,曳山関連
185,20250501,1238,箸置き(大杉皿屋 ,7,550,3850,2005,生活雑貨,
232,20250501,1239,飛龍            ,1,216,216,2004,雑貨類,曳山関連
260,20250501,1242,米ｻｲﾀﾞｰ         ,1,270,270,2008,飲料,
273,20250501,1248,名字ｼ-ﾙVOL2     ,3,385,1155,2004,雑貨類,シール
189,20250501,1250,六角凧          ,1,250,250,2009,装飾品,
192,20250501,1251,六萬石          ,4,1500,6000,2003,和菓子,箱入り
197,20250501,1252,和手拭い        ,5,880,4400,2005,生活雑貨,
